recordTimeUtc,sessionSeconds,simulationFrame,gameTime,vehicleId,x,y,z,angleX,angleY,speed,prefabName
2026-06-23T03:27:25.9519973Z,0.032,12461872,2042-03-16T07:56:01.1897918,4966,1355.587,164.5,2396.515,358.06,215.945,4.07,Sedan
2026-06-23T03:27:26.0171385Z,0.093,12461873,2042-03-16T08:04:55.5248738,4966,1355.587,164.5,2396.515,358.06,215.945,4.07,Sedan
2026-06-23T03:27:26.0495024Z,0.12,12461876,2042-03-16T08:08:55.5004280,4966,1355.587,164.5,2396.515,358.06,215.945,4.07,Sedan
2026-06-23T03:27:26.0745779Z,0.149,12461879,2042-03-16T08:13:17.6986965,4966,1353.2,164.637,2393.224,358.06,215.944,4.066,Sedan
2026-06-23T03:27:26.1018904Z,0.176,12461882,2042-03-16T08:17:16.8786932,4966,1353.2,164.637,2393.224,358.06,215.944,4.066,Sedan
2026-06-23T03:27:26.1247435Z,0.2,12461883,2042-03-16T08:20:45.7517304,4966,1353.2,164.637,2393.224,358.06,215.944,4.066,Sedan
2026-06-23T03:27:26.1493246Z,0.224,12461885,2042-03-16T08:24:22.8085696,4966,1353.2,164.637,2393.224,358.06,215.944,4.066,Sedan
2026-06-23T03:27:26.1743511Z,0.249,12461886,2042-03-16T08:27:59.8820954,4966,1353.2,164.637,2393.224,358.06,215.944,4.066,Sedan
2026-06-23T03:27:26.1964368Z,0.272,12461888,2042-03-16T08:31:23.2767577,4966,1353.2,164.637,2393.224,358.06,215.944,4.066,Sedan
2026-06-23T03:27:26.2179967Z,0.293,12461889,2042-03-16T08:34:31.1276247,4966,1353.2,164.637,2393.224,358.06,215.944,4.066,Sedan
2026-06-23T03:27:26.2422388Z,0.317,12461890,2042-03-16T08:38:06.4670722,4966,1353.2,164.637,2393.224,358.06,215.944,4.066,Sedan
2026-06-23T03:27:26.2659432Z,0.341,12461892,2042-03-16T08:41:40.7118164,4966,1353.2,164.637,2393.224,358.06,215.944,4.066,Sedan
2026-06-23T03:27:26.2888873Z,0.364,12461893,2042-03-16T08:45:02.3479160,4966,1351.154,164.745,2389.735,358.894,204.849,4.066,Sedan
2026-06-23T03:27:26.3119214Z,0.387,12461894,2042-03-16T08:48:22.7156860,4966,1351.154,164.745,2389.735,358.894,204.849,4.066,Sedan
2026-06-23T03:27:26.3350402Z,0.41,12461896,2042-03-16T08:51:47.4713522,4966,1351.154,164.745,2389.735,358.894,204.849,4.066,Sedan
2026-06-23T03:27:26.3586183Z,0.433,12461897,2042-03-16T08:55:14.5406249,4966,1351.154,164.745,2389.735,358.894,204.849,4.066,Sedan
2026-06-23T03:27:26.3803890Z,0.456,12461899,2042-03-16T08:58:33.4199877,4966,1351.154,164.745,2389.735,358.894,204.849,4.066,Sedan
2026-06-23T03:27:26.4050169Z,0.48,12461900,2042-03-16T09:02:11.5643486,4966,1351.154,164.745,2389.735,358.894,204.849,4.066,Sedan
2026-06-23T03:27:26.4281313Z,0.503,12461901,2042-03-16T09:05:30.7377352,4966,1351.154,164.745,2389.735,358.894,204.849,4.066,Sedan
2026-06-23T03:27:26.4515613Z,0.526,12461903,2042-03-16T09:08:56.1158080,4966,1351.154,164.745,2389.735,358.894,204.849,4.066,Sedan
2026-06-23T03:27:26.4755826Z,0.551,12461904,2042-03-16T09:12:35.8007485,4966,1351.154,164.745,2389.735,358.894,204.849,4.066,Sedan
2026-06-23T03:27:26.4972152Z,0.573,12461906,2042-03-16T09:15:49.7152217,4966,1351.154,164.745,2389.735,358.894,204.849,4.066,Sedan
2026-06-23T03:27:26.5228058Z,0.597,12461907,2042-03-16T09:19:26.8764231,4966,1351.154,164.745,2389.735,358.894,204.849,4.066,Sedan
2026-06-23T03:27:26.5437463Z,0.619,12461908,2042-03-16T09:22:41.9345509,4966,1351.154,164.745,2389.735,358.894,204.849,4.066,Sedan
2026-06-23T03:27:26.5691873Z,0.644,12461910,2042-03-16T09:26:21.8531755,4966,1350.273,164.795,2385.857,359.693,180.741,4.066,Sedan
2026-06-23T03:27:26.5912629Z,0.666,12461911,2042-03-16T09:29:36.9614338,4966,1350.273,164.795,2385.857,359.693,180.741,4.066,Sedan
2026-06-23T03:27:26.6142505Z,0.689,12461913,2042-03-16T09:32:59.1930264,4966,1350.273,164.795,2385.857,359.693,180.741,4.066,Sedan
2026-06-23T03:27:26.6365925Z,0.712,12461914,2042-03-16T09:36:20.1738917,4966,1350.273,164.795,2385.857,359.693,180.741,4.066,Sedan
2026-06-23T03:27:26.6591414Z,0.734,12461915,2042-03-16T09:39:42.5058861,4966,1350.273,164.795,2385.857,359.693,180.741,4.066,Sedan
2026-06-23T03:27:26.6811967Z,0.757,12461917,2042-03-16T09:42:59.2041151,4966,1350.273,164.795,2385.857,359.693,180.741,4.066,Sedan
2026-06-23T03:27:26.7052481Z,0.78,12461918,2042-03-16T09:46:24.6136075,4966,1350.273,164.795,2385.857,359.693,180.741,4.066,Sedan
2026-06-23T03:27:26.7273449Z,0.802,12461919,2042-03-16T09:49:43.3490916,4966,1350.273,164.795,2385.857,359.693,180.741,4.066,Sedan
2026-06-23T03:27:26.7505965Z,0.826,12461921,2042-03-16T09:53:14.2157310,4966,1350.273,164.795,2385.857,359.693,180.741,4.066,Sedan
2026-06-23T03:27:26.7726900Z,0.848,12461922,2042-03-16T09:56:30.5393543,4966,1350.273,164.795,2385.857,359.693,180.741,4.066,Sedan
2026-06-23T03:27:26.7967873Z,0.872,12461923,2042-03-16T09:59:59.4687180,4966,1350.273,164.795,2385.857,359.693,180.741,4.066,Sedan
2026-06-23T03:27:26.8216204Z,0.897,12461925,2042-03-16T10:03:38.8420151,4966,1351.078,164.809,2381.969,359.929,155.869,4.066,Sedan
2026-06-23T03:27:26.8447043Z,0.919,12461926,2042-03-16T10:07:00.9101909,4966,1351.078,164.809,2381.969,359.929,155.869,4.066,Sedan
2026-06-23T03:27:26.8690253Z,0.944,12461928,2042-03-16T10:10:38.0204521,4966,1351.078,164.809,2381.969,359.929,155.869,4.066,Sedan
2026-06-23T03:27:26.8909338Z,0.966,12461929,2042-03-16T10:13:50.2548851,4966,1351.078,164.809,2381.969,359.929,155.869,4.066,Sedan
2026-06-23T03:27:26.9155195Z,0.991,12461931,2042-03-16T10:17:31.9710960,4966,1351.078,164.809,2381.969,359.929,155.869,4.066,Sedan
2026-06-23T03:27:26.9398976Z,1.015,12461932,2042-03-16T10:21:04.3775933,4966,1351.078,164.809,2381.969,359.929,155.869,4.066,Sedan
2026-06-23T03:27:26.9643061Z,1.04,12461933,2042-03-16T10:24:45.5446747,4966,1351.078,164.809,2381.969,359.929,155.869,4.066,Sedan
2026-06-23T03:27:26.9883531Z,1.063,12461935,2042-03-16T10:28:14.8841473,4966,1351.078,164.809,2381.969,359.929,155.869,4.066,Sedan
2026-06-23T03:27:27.0109758Z,1.086,12461936,2042-03-16T10:31:34.1386615,4966,1351.078,164.809,2381.969,359.929,155.869,4.066,Sedan
2026-06-23T03:27:27.0352685Z,1.11,12461938,2042-03-16T10:35:08.0057020,4966,1351.078,164.809,2381.969,359.929,155.869,4.066,Sedan
2026-06-23T03:27:27.0596484Z,1.134,12461939,2042-03-16T10:38:44.7821062,4966,1351.078,164.809,2381.969,359.929,155.869,4.066,Sedan
2026-06-23T03:27:27.0843728Z,1.159,12461941,2042-03-16T10:42:20.1853433,4966,1353.228,164.811,2378.567,0.003,139.563,4.066,Sedan
2026-06-23T03:27:27.1069511Z,1.182,12461942,2042-03-16T10:45:43.7098555,4966,1353.228,164.811,2378.567,0.003,139.563,4.066,Sedan
2026-06-23T03:27:27.1290450Z,1.204,12461943,2042-03-16T10:49:04.3071908,4966,1353.228,164.811,2378.567,0.003,139.563,4.066,Sedan
2026-06-23T03:27:27.1512284Z,1.227,12461945,2042-03-16T10:52:24.0013853,4966,1353.228,164.811,2378.567,0.003,139.563,4.066,Sedan
2026-06-23T03:27:27.1741458Z,1.249,12461946,2042-03-16T10:55:38.8777724,4966,1353.228,164.811,2378.567,0.003,139.563,4.066,Sedan
2026-06-23T03:27:27.1969744Z,1.272,12461948,2042-03-16T10:59:02.7423023,4966,1353.228,164.811,2378.567,0.003,139.563,4.066,Sedan
2026-06-23T03:27:27.2181559Z,1.294,12461949,2042-03-16T11:02:19.1361048,4966,1353.228,164.811,2378.567,0.003,139.563,4.066,Sedan
2026-06-23T03:27:27.2412097Z,1.317,12461950,2042-03-16T11:05:40.2474360,4966,1353.228,164.811,2378.567,0.003,139.563,4.066,Sedan
2026-06-23T03:27:27.2642755Z,1.34,12461952,2042-03-16T11:09:04.0444623,4966,1353.228,164.811,2378.567,0.003,139.563,4.066,Sedan
2026-06-23T03:27:27.2881104Z,1.363,12461953,2042-03-16T11:12:29.1079522,4966,1353.228,164.811,2378.567,0.003,139.563,4.066,Sedan
2026-06-23T03:27:27.3101284Z,1.385,12461954,2042-03-16T11:15:50.2755922,4966,1353.228,164.811,2378.567,0.003,139.563,4.066,Sedan
2026-06-23T03:27:27.3338013Z,1.409,12461956,2042-03-16T11:19:17.2789806,4966,1353.228,164.811,2378.567,0.003,139.563,4.066,Sedan
2026-06-23T03:27:27.3564349Z,1.431,12461957,2042-03-16T11:22:37.3945668,4966,1356.396,164.806,2375.29,0.106,133.093,5.066,Sedan
2026-06-23T03:27:27.3794299Z,1.454,12461958,2042-03-16T11:26:01.5097492,4966,1356.396,164.806,2375.29,0.106,133.093,5.066,Sedan
2026-06-23T03:27:27.4026171Z,1.477,12461960,2042-03-16T11:29:24.6805844,4966,1356.396,164.806,2375.29,0.106,133.093,5.066,Sedan
2026-06-23T03:27:27.4244295Z,1.5,12461961,2042-03-16T11:32:44.1316777,4966,1356.396,164.806,2375.29,0.106,133.093,5.066,Sedan
2026-06-23T03:27:27.4480411Z,1.523,12461963,2042-03-16T11:36:06.7649303,4966,1356.396,164.806,2375.29,0.106,133.093,5.066,Sedan
2026-06-23T03:27:27.4696061Z,1.545,12461964,2042-03-16T11:39:20.3602970,4966,1356.396,164.806,2375.29,0.106,133.093,5.066,Sedan
2026-06-23T03:27:27.4917195Z,1.567,12461965,2042-03-16T11:42:38.2299917,4966,1356.396,164.806,2375.29,0.106,133.093,5.066,Sedan
2026-06-23T03:27:27.5165117Z,1.591,12461967,2042-03-16T11:46:15.1963214,4966,1356.396,164.806,2375.29,0.106,133.093,5.066,Sedan
2026-06-23T03:27:27.5392172Z,1.615,12461968,2042-03-16T11:49:40.4266430,4966,1356.396,164.806,2375.29,0.106,133.093,5.066,Sedan
2026-06-23T03:27:27.5612703Z,1.637,12461969,2042-03-16T11:52:55.5486308,4966,1356.396,164.806,2375.29,0.106,133.093,5.066,Sedan
2026-06-23T03:27:27.5841857Z,1.659,12461971,2042-03-16T11:56:15.4388763,4966,1356.396,164.806,2375.29,0.106,133.093,5.066,Sedan
2026-06-23T03:27:27.6062076Z,1.681,12461972,2042-03-16T11:59:26.0843420,4966,1356.396,164.806,2375.29,0.106,133.093,5.066,Sedan
2026-06-23T03:27:27.6281420Z,1.703,12461973,2042-03-16T12:02:45.1297620,4966,1360.528,164.793,2371.562,0.168,131.188,6.066,Sedan
2026-06-23T03:27:27.6511037Z,1.726,12461975,2042-03-16T12:06:06.8015584,4966,1360.528,164.793,2371.562,0.168,131.188,6.066,Sedan
2026-06-23T03:27:27.6714635Z,1.747,12461976,2042-03-16T12:09:14.9979702,4966,1360.528,164.793,2371.562,0.168,131.188,6.066,Sedan
2026-06-23T03:27:27.6935021Z,1.768,12461977,2042-03-16T12:12:23.3341947,4966,1360.528,164.793,2371.562,0.168,131.188,6.066,Sedan
2026-06-23T03:27:27.7171558Z,1.791,12461979,2042-03-16T12:15:46.5569206,4966,1360.528,164.793,2371.562,0.168,131.188,6.066,Sedan
2026-06-23T03:27:27.7421379Z,1.817,12461980,2042-03-16T12:19:30.1267802,4966,1360.528,164.793,2371.562,0.168,131.188,6.066,Sedan
2026-06-23T03:27:27.7631904Z,1.838,12461982,2042-03-16T12:22:38.8068069,4966,1360.528,164.793,2371.562,0.168,131.188,6.066,Sedan
2026-06-23T03:27:27.7855486Z,1.861,12461983,2042-03-16T12:26:00.0191735,4966,1360.528,164.793,2371.562,0.168,131.188,6.066,Sedan
2026-06-23T03:27:27.8067188Z,1.882,12461984,2042-03-16T12:29:09.2220675,4966,1360.528,164.793,2371.562,0.168,131.188,6.066,Sedan
2026-06-23T03:27:27.8307383Z,1.906,12461986,2042-03-16T12:32:43.0340666,4966,1360.528,164.793,2371.562,0.168,131.188,6.066,Sedan
2026-06-23T03:27:27.8523375Z,1.927,12461987,2042-03-16T12:35:51.6246576,4966,1360.528,164.793,2371.562,0.168,131.188,6.066,Sedan
2026-06-23T03:27:27.8743868Z,1.949,12461988,2042-03-16T12:39:06.9827410,4966,1360.528,164.793,2371.562,0.168,131.188,6.066,Sedan
2026-06-23T03:27:27.8966325Z,1.973,12461990,2042-03-16T12:42:33.8313198,4966,1365.129,164.774,2367.548,0.186,131.011,6.148,Sedan
2026-06-23T03:27:27.9207212Z,1.996,12461991,2042-03-16T12:46:02.6397929,4966,1365.129,164.774,2367.548,0.186,131.011,6.148,Sedan
2026-06-23T03:27:27.9439657Z,2.019,12461992,2042-03-16T12:49:20.8670721,4966,1365.129,164.774,2367.548,0.186,131.011,6.148,Sedan
2026-06-23T03:27:27.9673474Z,2.042,12461994,2042-03-16T12:52:50.9797828,4966,1365.129,164.774,2367.548,0.186,131.011,6.148,Sedan
2026-06-23T03:27:27.9895206Z,2.065,12461995,2042-03-16T12:56:08.5615617,4966,1365.129,164.774,2367.548,0.186,131.011,6.148,Sedan
2026-06-23T03:27:28.0136091Z,2.088,12461996,2042-03-16T12:59:38.3857052,4966,1365.129,164.774,2367.548,0.186,131.011,6.148,Sedan
2026-06-23T03:27:28.0351848Z,2.11,12461998,2042-03-16T13:02:51.6382201,4966,1365.129,164.774,2367.548,0.186,131.011,6.148,Sedan
2026-06-23T03:27:28.0571264Z,2.132,12461999,2042-03-16T13:06:04.4645556,4966,1365.129,164.774,2367.548,0.186,131.011,6.148,Sedan
2026-06-23T03:27:28.0792395Z,2.155,12462001,2042-03-16T13:09:25.6116188,4966,1365.129,164.774,2367.548,0.186,131.011,6.148,Sedan
2026-06-23T03:27:28.1003403Z,2.176,12462002,2042-03-16T13:12:34.5535280,4966,1365.129,164.774,2367.548,0.186,131.011,6.148,Sedan
2026-06-23T03:27:28.1244483Z,2.198,12462003,2042-03-16T13:15:50.9391280,4966,1365.129,164.774,2367.548,0.186,131.011,6.148,Sedan
2026-06-23T03:27:28.1461439Z,2.221,12462004,2042-03-16T13:19:13.3828423,4966,1365.129,164.774,2367.548,0.186,131.011,6.148,Sedan
2026-06-23T03:27:28.1681909Z,2.243,12462006,2042-03-16T13:22:31.7042922,4966,1369.751,164.754,2363.53,0.189,130.991,6.1,Sedan
2026-06-23T03:27:28.1897849Z,2.265,12462007,2042-03-16T13:25:42.3374013,4966,1369.751,164.754,2363.53,0.189,130.991,6.1,Sedan
2026-06-23T03:27:28.2150694Z,2.291,12462008,2042-03-16T13:29:31.0189511,4966,1369.751,164.754,2363.53,0.189,130.991,6.1,Sedan
2026-06-23T03:27:28.2384017Z,2.315,12462010,2042-03-16T13:33:03.2727510,4966,1369.751,164.754,2363.53,0.189,130.991,6.1,Sedan
2026-06-23T03:27:28.2618196Z,2.336,12462011,2042-03-16T13:36:15.3780382,4966,1369.751,164.754,2363.53,0.189,130.991,6.1,Sedan
2026-06-23T03:27:28.2835988Z,2.359,12462013,2042-03-16T13:39:34.4307455,4966,1369.751,164.754,2363.53,0.189,130.991,6.1,Sedan
2026-06-23T03:27:28.3061472Z,2.381,12462014,2042-03-16T13:42:52.5718102,4966,1369.751,164.754,2363.53,0.189,130.991,6.1,Sedan
2026-06-23T03:27:28.3281806Z,2.403,12462015,2042-03-16T13:46:07.5804588,4966,1369.751,164.754,2363.53,0.189,130.991,6.1,Sedan
2026-06-23T03:27:28.3512621Z,2.426,12462017,2042-03-16T13:49:28.6438245,4966,1369.751,164.754,2363.53,0.189,130.991,6.1,Sedan
2026-06-23T03:27:28.3731398Z,2.448,12462018,2042-03-16T13:52:47.9208517,4966,1369.751,164.754,2363.53,0.189,130.991,6.1,Sedan
2026-06-23T03:27:28.3953713Z,2.471,12462019,2042-03-16T13:56:04.3379944,4966,1369.751,164.754,2363.53,0.189,130.991,6.1,Sedan
2026-06-23T03:27:28.4225825Z,2.497,12462021,2042-03-16T14:00:01.8130793,4966,1374.047,164.735,2359.798,0.187,130.984,5.281,Sedan
2026-06-23T03:27:28.4436797Z,2.519,12462022,2042-03-16T14:03:12.4084496,4966,1374.047,164.735,2359.798,0.187,130.984,5.281,Sedan
2026-06-23T03:27:28.4664470Z,2.541,12462024,2042-03-16T14:06:30.6792762,4966,1374.047,164.735,2359.798,0.187,130.984,5.281,Sedan
2026-06-23T03:27:28.4885471Z,2.563,12462025,2042-03-16T14:09:46.1951791,4966,1374.047,164.735,2359.798,0.187,130.984,5.281,Sedan
2026-06-23T03:27:28.5091310Z,2.584,12462026,2042-03-16T14:12:52.0381160,4966,1374.047,164.735,2359.798,0.187,130.984,5.281,Sedan
2026-06-23T03:27:28.5314258Z,2.606,12462028,2042-03-16T14:16:05.9240916,4966,1374.047,164.735,2359.798,0.187,130.984,5.281,Sedan
2026-06-23T03:27:28.5534832Z,2.629,12462029,2042-03-16T14:19:27.6536929,4966,1374.047,164.735,2359.798,0.187,130.984,5.281,Sedan
2026-06-23T03:27:28.5764787Z,2.651,12462030,2042-03-16T14:22:43.7194118,4966,1374.047,164.735,2359.798,0.187,130.984,5.281,Sedan
2026-06-23T03:27:28.5980124Z,2.673,12462032,2042-03-16T14:25:56.6472227,4966,1374.047,164.735,2359.798,0.187,130.984,5.281,Sedan
2026-06-23T03:27:28.6201339Z,2.695,12462033,2042-03-16T14:29:14.0405370,4966,1374.047,164.735,2359.798,0.187,130.984,5.281,Sedan
2026-06-23T03:27:28.6417569Z,2.717,12462034,2042-03-16T14:32:27.6843091,4966,1374.047,164.735,2359.798,0.187,130.984,5.281,Sedan
2026-06-23T03:27:28.6660846Z,2.741,12462036,2042-03-16T14:36:03.5235830,4966,1374.047,164.735,2359.798,0.187,130.984,5.281,Sedan
2026-06-23T03:27:28.6896117Z,2.764,12462037,2042-03-16T14:39:21.2706798,4966,1377.687,164.72,2356.635,0.18,130.984,4.365,Sedan
2026-06-23T03:27:28.7131758Z,2.789,12462038,2042-03-16T14:43:02.0653733,4966,1377.687,164.72,2356.635,0.18,130.984,4.365,Sedan
2026-06-23T03:27:28.7841934Z,2.858,12462040,2042-03-16T14:53:16.7665252,4966,1377.687,164.72,2356.635,0.18,130.984,4.365,Sedan
2026-06-23T03:27:28.8102805Z,2.884,12462044,2042-03-16T14:57:06.4821219,4966,1377.687,164.72,2356.635,0.18,130.984,4.365,Sedan
2026-06-23T03:27:28.8320980Z,2.907,12462046,2042-03-16T15:00:26.5818664,4966,1377.687,164.72,2356.635,0.18,130.984,4.365,Sedan
2026-06-23T03:27:28.8541753Z,2.928,12462047,2042-03-16T15:03:33.6596889,4966,1377.687,164.72,2356.635,0.18,130.984,4.365,Sedan
2026-06-23T03:27:28.8762179Z,2.95,12462048,2042-03-16T15:06:48.4099929,4966,1377.687,164.72,2356.635,0.18,130.984,4.365,Sedan
2026-06-23T03:27:28.9006651Z,2.975,12462050,2042-03-16T15:10:36.6810818,4966,1377.687,164.72,2356.635,0.18,130.984,4.365,Sedan
2026-06-23T03:27:28.9225518Z,2.997,12462051,2042-03-16T15:13:49.3815453,4966,1377.687,164.72,2356.635,0.18,130.984,4.365,Sedan
2026-06-23T03:27:28.9455487Z,3.021,12462052,2042-03-16T15:17:16.7304257,4966,1377.687,164.72,2356.635,0.18,130.984,4.365,Sedan
2026-06-23T03:27:28.9692761Z,3.043,12462054,2042-03-16T15:20:31.4649055,4966,1380.732,164.707,2353.989,0.168,130.985,3.703,Sedan
2026-06-23T03:27:28.9910655Z,3.066,12462055,2042-03-16T15:23:57.5428865,4966,1380.732,164.707,2353.989,0.168,130.985,3.703,Sedan
2026-06-23T03:27:29.0121506Z,3.087,12462057,2042-03-16T15:27:02.7909463,4966,1380.732,164.707,2353.989,0.168,130.985,3.703,Sedan
2026-06-23T03:27:29.0357130Z,3.11,12462058,2042-03-16T15:30:25.2353823,4966,1380.732,164.707,2353.989,0.168,130.985,3.703,Sedan
2026-06-23T03:27:29.0582991Z,3.132,12462059,2042-03-16T15:33:45.5185572,4966,1380.732,164.707,2353.989,0.168,130.985,3.703,Sedan
2026-06-23T03:27:29.0798892Z,3.154,12462061,2042-03-16T15:36:55.5200538,4966,1380.732,164.707,2353.989,0.168,130.985,3.703,Sedan
2026-06-23T03:27:29.1009511Z,3.175,12462062,2042-03-16T15:40:02.3959814,4966,1380.732,164.707,2353.989,0.168,130.985,3.703,Sedan
2026-06-23T03:27:29.1245497Z,3.199,12462063,2042-03-16T15:43:38.5975748,4966,1380.732,164.707,2353.989,0.168,130.985,3.703,Sedan
2026-06-23T03:27:29.1465830Z,3.221,12462065,2042-03-16T15:46:52.3061751,4966,1380.732,164.707,2353.989,0.168,130.985,3.703,Sedan
2026-06-23T03:27:29.1695277Z,3.244,12462066,2042-03-16T15:50:17.7072889,4966,1380.732,164.707,2353.989,0.168,130.985,3.703,Sedan
2026-06-23T03:27:29.1916281Z,3.266,12462067,2042-03-16T15:53:26.3661052,4966,1380.732,164.707,2353.989,0.168,130.985,3.703,Sedan
2026-06-23T03:27:29.2156424Z,3.289,12462069,2042-03-16T15:56:51.4994046,4966,1383.433,164.698,2351.643,0.137,130.98,3.451,Sedan
2026-06-23T03:27:29.2382140Z,3.312,12462070,2042-03-16T16:00:20.5414914,4966,1383.433,164.698,2351.643,0.137,130.98,3.451,Sedan
2026-06-23T03:27:29.2593328Z,3.333,12462071,2042-03-16T16:03:28.4027436,4966,1383.433,164.698,2351.643,0.137,130.98,3.451,Sedan
2026-06-23T03:27:29.2810330Z,3.355,12462073,2042-03-16T16:06:41.4258518,4966,1383.433,164.698,2351.643,0.137,130.98,3.451,Sedan
2026-06-23T03:27:29.3023675Z,3.377,12462074,2042-03-16T16:09:52.7546621,4966,1383.433,164.698,2351.643,0.137,130.98,3.451,Sedan
2026-06-23T03:27:29.3259612Z,3.4,12462075,2042-03-16T16:13:18.3249311,4966,1383.433,164.698,2351.643,0.137,130.98,3.451,Sedan
2026-06-23T03:27:29.3470104Z,3.421,12462077,2042-03-16T16:16:28.1445815,4966,1383.433,164.698,2351.643,0.137,130.98,3.451,Sedan
2026-06-23T03:27:29.3705970Z,3.445,12462078,2042-03-16T16:19:54.7329147,4966,1383.433,164.698,2351.643,0.137,130.98,3.451,Sedan
2026-06-23T03:27:29.3922740Z,3.466,12462079,2042-03-16T16:23:06.0927574,4966,1383.433,164.698,2351.643,0.137,130.98,3.451,Sedan
2026-06-23T03:27:29.4165377Z,3.49,12462081,2042-03-16T16:26:31.1672310,4966,1383.433,164.698,2351.643,0.137,130.98,3.451,Sedan
2026-06-23T03:27:31.2848352Z,3.518,12462082,2042-03-16T16:30:41.3194499,4966,1383.433,164.698,2351.643,0.137,130.98,3.451,Sedan
2026-06-23T03:27:31.3070081Z,3.541,12462084,2042-03-16T16:34:05.6173233,4966,1383.433,164.698,2351.643,0.137,130.98,3.451,Sedan
2026-06-23T03:27:31.3311111Z,3.565,12462086,2042-03-16T16:37:35.3962649,4966,1385.255,164.693,2350.006,0.056,134.202,1.451,Sedan
2026-06-23T03:27:31.3531920Z,3.586,12462087,2042-03-16T16:40:47.3695020,4966,1385.255,164.693,2350.006,0.056,134.202,1.451,Sedan
2026-06-23T03:27:31.3765250Z,3.61,12462088,2042-03-16T16:44:16.9546104,4966,1385.255,164.693,2350.006,0.056,134.202,1.451,Sedan
2026-06-23T03:27:31.4012486Z,3.634,12462090,2042-03-16T16:47:54.3140279,4966,1385.255,164.693,2350.006,0.056,134.202,1.451,Sedan
2026-06-23T03:27:31.4244776Z,3.658,12462091,2042-03-16T16:51:25.4038606,4966,1385.255,164.693,2350.006,0.056,134.202,1.451,Sedan
2026-06-23T03:27:31.4483112Z,3.682,12462093,2042-03-16T16:54:57.5155772,4966,1385.255,164.693,2350.006,0.056,134.202,1.451,Sedan
2026-06-23T03:27:31.4719789Z,3.705,12462094,2042-03-16T16:58:16.7812159,4966,1385.255,164.693,2350.006,0.056,134.202,1.451,Sedan
2026-06-23T03:27:31.4940469Z,3.727,12462095,2042-03-16T17:01:35.4084653,4966,1385.255,164.693,2350.006,0.056,134.202,1.451,Sedan
2026-06-23T03:27:31.5160690Z,3.749,12462097,2042-03-16T17:04:53.1417621,4966,1385.255,164.693,2350.006,0.056,134.202,1.451,Sedan
2026-06-23T03:27:31.5405029Z,3.774,12462098,2042-03-16T17:08:27.0630696,4966,1385.255,164.693,2350.006,0.056,134.202,1.451,Sedan
2026-06-23T03:27:31.5631249Z,3.796,12462100,2042-03-16T17:11:48.9382747,4966,1385.255,164.693,2350.006,0.056,134.202,1.451,Sedan
2026-06-23T03:27:31.5861657Z,3.819,12462101,2042-03-16T17:15:11.7774003,4966,1386.112,164.692,2349.131,0.044,137.637,1,Sedan
2026-06-23T03:27:31.6067182Z,3.841,12462102,2042-03-16T17:18:25.5328219,4966,1386.112,164.692,2349.131,0.044,137.637,1,Sedan
2026-06-23T03:27:31.6303132Z,3.864,12462104,2042-03-16T17:21:47.4490572,4966,1386.112,164.692,2349.131,0.044,137.637,1,Sedan
2026-06-23T03:27:31.6529487Z,3.887,12462105,2042-03-16T17:25:09.6687157,4966,1386.112,164.692,2349.131,0.044,137.637,1,Sedan
2026-06-23T03:27:31.6756555Z,3.909,12462106,2042-03-16T17:28:28.5016093,4966,1386.112,164.692,2349.131,0.044,137.637,1,Sedan
2026-06-23T03:27:31.7016681Z,3.935,12462108,2042-03-16T17:32:16.5439250,4966,1386.112,164.692,2349.131,0.044,137.637,1,Sedan
2026-06-23T03:27:31.7246831Z,3.958,12462109,2042-03-16T17:35:44.8502835,4966,1386.112,164.692,2349.131,0.044,137.637,1,Sedan
2026-06-23T03:27:31.7498112Z,3.984,12462111,2042-03-16T17:39:27.9422137,4966,1386.112,164.692,2349.131,0.044,137.637,1,Sedan
2026-06-23T03:27:31.7733619Z,4.007,12462112,2042-03-16T17:42:56.2479210,4966,1386.112,164.692,2349.131,0.044,137.637,1,Sedan
2026-06-23T03:27:31.7960348Z,4.03,12462113,2042-03-16T17:46:19.0201238,4966,1386.112,164.692,2349.131,0.044,137.637,1,Sedan
2026-06-23T03:27:31.8190799Z,4.053,12462115,2042-03-16T17:49:43.4245774,4966,1386.112,164.692,2349.131,0.044,137.637,1,Sedan
2026-06-23T03:27:31.8412603Z,4.075,12462116,2042-03-16T17:53:01.8868433,4966,1386.112,164.692,2349.131,0.044,137.637,1,Sedan
2026-06-23T03:27:31.8662542Z,4.1,12462118,2042-03-16T17:56:40.4036625,4966,1386.762,164.691,2348.371,0.036,141.324,1,Sedan
2026-06-23T03:27:31.8918343Z,4.126,12462119,2042-03-16T18:00:32.3699561,4966,1386.762,164.691,2348.371,0.036,141.324,1,Sedan
2026-06-23T03:27:31.9152035Z,4.149,12462121,2042-03-16T18:03:52.0199695,4966,1386.762,164.691,2348.371,0.036,141.324,1,Sedan
2026-06-23T03:27:31.9372952Z,4.172,12462122,2042-03-16T18:07:14.8220429,4966,1386.762,164.691,2348.371,0.036,141.324,1,Sedan
2026-06-23T03:27:31.9591954Z,4.194,12462123,2042-03-16T18:10:28.9113392,4966,1386.762,164.691,2348.371,0.036,141.324,1,Sedan
2026-06-23T03:27:31.9823591Z,4.217,12462125,2042-03-16T18:13:51.7813915,4966,1386.762,164.691,2348.371,0.036,141.324,1,Sedan
2026-06-23T03:27:32.0043887Z,4.239,12462126,2042-03-16T18:17:10.0691512,4966,1386.762,164.691,2348.371,0.036,141.324,1,Sedan
2026-06-23T03:27:32.0266964Z,4.26,12462127,2042-03-16T18:20:18.6345185,4966,1386.762,164.691,2348.371,0.036,141.324,1,Sedan
2026-06-23T03:27:32.0507405Z,4.285,12462129,2042-03-16T18:23:55.9326458,4966,1386.762,164.691,2348.371,0.036,141.324,1,Sedan
2026-06-23T03:27:32.0717180Z,4.306,12462130,2042-03-16T18:27:02.6112199,4966,1386.762,164.691,2348.371,0.036,141.324,1,Sedan
2026-06-23T03:27:32.0927873Z,4.327,12462131,2042-03-16T18:30:13.6672345,4966,1386.762,164.691,2348.371,0.036,141.324,1,Sedan
2026-06-23T03:27:32.1148135Z,4.349,12462133,2042-03-16T18:33:28.3916812,4966,1387.356,164.691,2347.568,0.03,145.648,1,Sedan
2026-06-23T03:27:32.1373515Z,4.372,12462134,2042-03-16T18:36:46.7336903,4966,1387.356,164.691,2347.568,0.03,145.648,1,Sedan
2026-06-23T03:27:32.1607557Z,4.395,12462135,2042-03-16T18:40:12.0089146,4966,1387.356,164.691,2347.568,0.03,145.648,1,Sedan
2026-06-23T03:27:32.1831220Z,4.418,12462137,2042-03-16T18:43:33.2105793,4966,1387.356,164.691,2347.568,0.03,145.648,1,Sedan
2026-06-23T03:27:32.2064557Z,4.44,12462138,2042-03-16T18:46:53.5556251,4966,1387.356,164.691,2347.568,0.03,145.648,1,Sedan
2026-06-23T03:27:32.2296252Z,4.463,12462139,2042-03-16T18:50:18.7575900,4966,1387.356,164.691,2347.568,0.03,145.648,1,Sedan
2026-06-23T03:27:32.2527140Z,4.488,12462141,2042-03-16T18:53:55.2153980,4966,1387.356,164.691,2347.568,0.03,145.648,1,Sedan
2026-06-23T03:27:32.2762876Z,4.511,12462142,2042-03-16T18:57:19.4048256,4966,1387.356,164.691,2347.568,0.03,145.648,1,Sedan
2026-06-23T03:27:32.3004811Z,4.534,12462144,2042-03-16T19:00:47.8725240,4966,1387.356,164.691,2347.568,0.03,145.648,1,Sedan
2026-06-23T03:27:32.3226982Z,4.557,12462145,2042-03-16T19:04:11.9004181,4966,1387.356,164.691,2347.568,0.03,145.648,1,Sedan
2026-06-23T03:27:32.3471415Z,4.581,12462146,2042-03-16T19:07:36.8799289,4966,1387.356,164.691,2347.568,0.03,145.648,1,Sedan
2026-06-23T03:27:32.3717171Z,4.607,12462148,2042-03-16T19:11:29.0119453,4966,1387.356,164.691,2347.568,0.03,145.648,1,Sedan
2026-06-23T03:27:32.3947749Z,4.629,12462149,2042-03-16T19:14:49.9574657,4966,1387.835,164.69,2346.8,0.024,151.06,0.811,Sedan
2026-06-23T03:27:32.4183844Z,4.652,12462151,2042-03-16T19:18:12.7207795,4966,1387.835,164.69,2346.8,0.024,151.06,0.811,Sedan
2026-06-23T03:27:32.4402076Z,4.674,12462152,2042-03-16T19:21:28.9908223,4966,1387.835,164.69,2346.8,0.024,151.06,0.811,Sedan
2026-06-23T03:27:32.4630968Z,4.697,12462153,2042-03-16T19:24:50.7392226,4966,1387.835,164.69,2346.8,0.024,151.06,0.811,Sedan
2026-06-23T03:27:32.4853219Z,4.72,12462155,2042-03-16T19:28:12.9638625,4966,1387.835,164.69,2346.8,0.024,151.06,0.811,Sedan
2026-06-23T03:27:32.5074014Z,4.742,12462156,2042-03-16T19:31:30.4594619,4966,1387.835,164.69,2346.8,0.024,151.06,0.811,Sedan
2026-06-23T03:27:32.5315056Z,4.766,12462158,2042-03-16T19:34:58.7697986,4966,1387.835,164.69,2346.8,0.024,151.06,0.811,Sedan
2026-06-23T03:27:32.5535282Z,4.788,12462159,2042-03-16T19:38:12.1407574,4966,1387.835,164.69,2346.8,0.024,151.06,0.811,Sedan
2026-06-23T03:27:32.6258019Z,4.859,12462160,2042-03-16T19:48:43.7075791,4966,1387.835,164.69,2346.8,0.024,151.06,0.811,Sedan
2026-06-23T03:27:32.6513895Z,4.885,12462165,2042-03-16T19:52:30.5798901,4966,1388.031,164.69,2346.445,0.024,151.06,0,Sedan
2026-06-23T03:27:32.6754197Z,4.909,12462166,2042-03-16T19:56:02.5615632,4966,1388.031,164.69,2346.445,0.024,151.06,0,Sedan
2026-06-23T03:27:32.6984473Z,4.932,12462168,2042-03-16T19:59:29.1976155,4966,1388.031,164.69,2346.445,0.024,151.06,0,Sedan
2026-06-23T03:27:32.7216628Z,4.954,12462169,2042-03-16T20:02:48.8303790,4966,1388.031,164.69,2346.445,0.024,151.06,0,Sedan
2026-06-23T03:27:32.7438135Z,4.978,12462170,2042-03-16T20:06:14.3257339,4966,1388.031,164.69,2346.445,0.024,151.06,0,Sedan
2026-06-23T03:27:32.7675860Z,5.001,12462172,2042-03-16T20:09:43.7584794,4966,1388.031,164.69,2346.445,0.024,151.06,0,Sedan
2026-06-23T03:27:32.7905146Z,5.024,12462173,2042-03-16T20:13:09.6520091,4966,1388.031,164.69,2346.445,0.024,151.06,0,Sedan
2026-06-23T03:27:32.8133419Z,5.048,12462175,2042-03-16T20:16:35.9934040,4966,1388.031,164.69,2346.445,0.024,151.06,0,Sedan
2026-06-23T03:27:32.8367576Z,5.07,12462176,2042-03-16T20:19:55.5486835,4966,1388.031,164.69,2346.445,0.024,151.06,0,Sedan
2026-06-23T03:27:32.8568278Z,5.091,12462177,2042-03-16T20:23:01.7639026,4966,1388.031,164.69,2346.445,0.024,151.06,0,Sedan
2026-06-23T03:27:32.8791535Z,5.114,12462179,2042-03-16T20:26:18.5019649,4966,1388.031,164.69,2346.445,0.024,151.06,0,Sedan
2026-06-23T03:27:32.9022075Z,5.137,12462180,2042-03-16T20:29:42.1172681,4966,1388.031,164.69,2346.445,0.024,151.06,0,Sedan
2026-06-23T03:27:32.9233387Z,5.158,12462181,2042-03-16T20:32:53.4893442,4966,1388.152,164.69,2346.174,0.021,155.857,0.593,Sedan
2026-06-23T03:27:32.9469065Z,5.182,12462183,2042-03-16T20:36:21.5255121,4966,1388.152,164.69,2346.174,0.021,155.857,0.593,Sedan
2026-06-23T03:27:32.9695343Z,5.204,12462184,2042-03-16T20:39:39.4034973,4966,1388.152,164.69,2346.174,0.021,155.857,0.593,Sedan
2026-06-23T03:27:32.9914118Z,5.226,12462185,2042-03-16T20:42:52.0797933,4966,1388.152,164.69,2346.174,0.021,155.857,0.593,Sedan
2026-06-23T03:27:33.0143932Z,5.249,12462187,2042-03-16T20:46:15.0555280,4966,1388.152,164.69,2346.174,0.021,155.857,0.593,Sedan
2026-06-23T03:27:33.0366212Z,5.271,12462188,2042-03-16T20:49:31.8104883,4966,1388.152,164.69,2346.174,0.021,155.857,0.593,Sedan
2026-06-23T03:27:33.0584284Z,5.293,12462189,2042-03-16T20:52:48.9588708,4966,1388.152,164.69,2346.174,0.021,155.857,0.593,Sedan
2026-06-23T03:27:33.0805128Z,5.315,12462191,2042-03-16T20:56:05.3796219,4966,1388.152,164.69,2346.174,0.021,155.857,0.593,Sedan
2026-06-23T03:27:33.1025905Z,5.337,12462192,2042-03-16T20:59:17.4454630,4966,1388.152,164.69,2346.174,0.021,155.857,0.593,Sedan
2026-06-23T03:27:33.1261302Z,5.361,12462193,2042-03-16T21:02:48.6790513,4966,1388.152,164.69,2346.174,0.021,155.857,0.593,Sedan
2026-06-23T03:27:33.1486834Z,5.383,12462195,2042-03-16T21:06:05.6309074,4966,1388.152,164.69,2346.174,0.021,155.857,0.593,Sedan
2026-06-23T03:27:33.1715920Z,5.406,12462196,2042-03-16T21:09:29.1693428,4966,1388.152,164.69,2346.174,0.021,155.857,0.593,Sedan
2026-06-23T03:27:33.1926322Z,5.428,12462197,2042-03-16T21:12:42.0740071,4966,1388.549,164.69,2345.156,0.018,159.764,1.593,Sedan
2026-06-23T03:27:33.2149009Z,5.449,12462199,2042-03-16T21:15:53.2337150,4966,1388.549,164.69,2345.156,0.018,159.764,1.593,Sedan
2026-06-23T03:27:33.2385064Z,5.473,12462200,2042-03-16T21:19:22.8105153,4966,1388.549,164.69,2345.156,0.018,159.764,1.593,Sedan
2026-06-23T03:27:33.2601478Z,5.494,12462201,2042-03-16T21:22:31.2690033,4966,1388.549,164.69,2345.156,0.018,159.764,1.593,Sedan
2026-06-23T03:27:33.2827921Z,5.517,12462203,2042-03-16T21:25:51.6650949,4966,1388.549,164.69,2345.156,0.018,159.764,1.593,Sedan
2026-06-23T03:27:33.3048719Z,5.54,12462204,2042-03-16T21:29:13.3309594,4966,1388.549,164.69,2345.156,0.018,159.764,1.593,Sedan
2026-06-23T03:27:33.3270391Z,5.561,12462205,2042-03-16T21:32:26.0087516,4966,1388.549,164.69,2345.156,0.018,159.764,1.593,Sedan
2026-06-23T03:27:33.3486094Z,5.584,12462207,2042-03-16T21:35:43.6295013,4966,1388.549,164.69,2345.156,0.018,159.764,1.593,Sedan
2026-06-23T03:27:33.3704881Z,5.606,12462208,2042-03-16T21:39:00.0484746,4966,1388.549,164.69,2345.156,0.018,159.764,1.593,Sedan
2026-06-23T03:27:33.3952229Z,5.63,12462209,2042-03-16T21:42:34.6352256,4966,1388.549,164.69,2345.156,0.018,159.764,1.593,Sedan
2026-06-23T03:27:33.4202815Z,5.655,12462211,2042-03-16T21:46:12.4672039,4966,1388.549,164.69,2345.156,0.018,159.764,1.593,Sedan
2026-06-23T03:27:33.4461865Z,5.68,12462212,2042-03-16T21:50:00.5773753,4966,1388.549,164.69,2345.156,0.018,159.764,1.593,Sedan
2026-06-23T03:27:33.4703579Z,5.705,12462214,2042-03-16T21:53:39.7543925,4966,1389.024,164.689,2343.128,0.013,171.156,2.593,Sedan
2026-06-23T03:27:33.4920876Z,5.727,12462215,2042-03-16T21:56:52.8159786,4966,1389.024,164.689,2343.128,0.013,171.156,2.593,Sedan
2026-06-23T03:27:33.5151317Z,5.75,12462217,2042-03-16T22:00:12.9735808,4966,1389.024,164.689,2343.128,0.013,171.156,2.593,Sedan
2026-06-23T03:27:33.5366609Z,5.771,12462218,2042-03-16T22:03:26.2390861,4966,1389.024,164.689,2343.128,0.013,171.156,2.593,Sedan
2026-06-23T03:27:33.5582263Z,5.793,12462219,2042-03-16T22:06:37.1388125,4966,1389.024,164.689,2343.128,0.013,171.156,2.593,Sedan
2026-06-23T03:27:33.5816467Z,5.817,12462221,2042-03-16T22:10:08.8569485,4966,1389.024,164.689,2343.128,0.013,171.156,2.593,Sedan
2026-06-23T03:27:33.6026993Z,5.838,12462222,2042-03-16T22:13:17.6257949,4966,1389.024,164.689,2343.128,0.013,171.156,2.593,Sedan
2026-06-23T03:27:33.6236201Z,5.859,12462223,2042-03-16T22:16:22.5222372,4966,1389.024,164.689,2343.128,0.013,171.156,2.593,Sedan
2026-06-23T03:27:33.6468177Z,5.883,12462225,2042-03-16T22:19:55.3802609,4966,1389.024,164.689,2343.128,0.013,171.156,2.593,Sedan
2026-06-23T03:27:33.6704061Z,5.905,12462226,2042-03-16T22:23:10.8895102,4966,1389.024,164.689,2343.128,0.013,171.156,2.593,Sedan
2026-06-23T03:27:33.6917772Z,5.927,12462227,2042-03-16T22:26:27.0246689,4966,1389.024,164.689,2343.128,0.013,171.156,2.593,Sedan
2026-06-23T03:27:33.7165571Z,5.952,12462229,2042-03-16T22:30:04.7319547,4966,1388.826,164.689,2340.137,0.007,193.08,3.512,Sedan
2026-06-23T03:27:33.7406044Z,5.976,12462230,2042-03-16T22:33:35.3775130,4966,1388.826,164.689,2340.137,0.007,193.08,3.512,Sedan
2026-06-23T03:27:33.7733711Z,6.008,12462232,2042-03-16T22:38:19.4858493,4966,1388.826,164.689,2340.137,0.007,193.08,3.512,Sedan
2026-06-23T03:27:33.8004568Z,6.035,12462233,2042-03-16T22:42:18.5912311,4966,1388.826,164.689,2340.137,0.007,193.08,3.512,Sedan
2026-06-23T03:27:33.8234872Z,6.059,12462235,2042-03-16T22:45:57.7117460,4966,1388.826,164.689,2340.137,0.007,193.08,3.512,Sedan
2026-06-23T03:27:33.8463343Z,6.082,12462237,2042-03-16T22:49:15.1797631,4966,1388.826,164.689,2340.137,0.007,193.08,3.512,Sedan
2026-06-23T03:27:33.8768843Z,6.105,12462238,2042-03-16T22:52:39.8810919,4966,1388.826,164.689,2340.137,0.007,193.08,3.512,Sedan
